{"count":1,"self":425.5195136,"total":480.84749539999996,"children":{"InitializeActuators":{"count":5,"self":0.0011274,"total":0.0011274,"children":null},"InitializeSensors":{"count":5,"self":0.0015076999999999998,"total":0.0015076999999999998,"children":null},"AgentSendState":{"count":13015,"self":16.478188799999998,"total":16.5707909,"children":{"CollectObservations":{"count":7129,"self":0.051200499999999996,"total":0.051200499999999996,"children":null},"WriteActionMask":{"count":7129,"self":0.016427399999999998,"total":0.016427399999999998,"children":null},"RequestDecision":{"count":7129,"self":0.0249742,"total":0.0249742,"children":null}}},"DecideAction":{"count":13015,"self":3.783868,"total":21.978000899999998,"children":{"CameraSensor.WriteToTensor":{"count":4895,"self":18.1941328,"total":18.1941328,"children":null}}},"AgentAct":{"count":13015,"self":16.7765632,"total":16.7765626,"children":null}},"gauges":{"Basic_T.CumulativeReward":{"count":7,"max":-19.5469074,"min":-112.403854,"runningAverage":-59.70697,"value":-19.5469074,"weightedAverage":-56.3507462},"Basic_easy.CumulativeReward":{"count":37,"max":482.777435,"min":-7.024721,"runningAverage":132.748459,"value":138.819321,"weightedAverage":110.2153}},"metadata":{"timer_format_version":"0.1.0","start_time_seconds":"1751625225","unity_version":"6000.0.42f1","command_line_arguments":"C:\\Program Files\\Unity\\Hub\\Editor\\6000.0.42f1\\Editor\\Unity.exe -projectpath C:\\Users\\dlxor\\Documents\\GitHub\\Project-AI-Paper.io-ML-Agents -useHub -hubIPC -cloudEnvironment production","communication_protocol_version":"1.5.0","com.unity.ml-agents_version":"3.0.0","scene_name":"GetDifficulty","end_time_seconds":"1751625706"}}