{"count":1,"self":1467.8672384,"total":7791.6267337,"children":{"InitializeActuators":{"count":3,"self":0.0015088999999999999,"total":0.0015088999999999999,"children":null},"InitializeSensors":{"count":3,"self":0.0020028999999999997,"total":0.0020028999999999997,"children":null},"AgentSendState":{"count":3500052,"self":1634.0005887999998,"total":1808.4869379,"children":{"CollectObservations":{"count":632547,"self":4.7296911999999995,"total":4.7296911999999995,"children":null},"WriteActionMask":{"count":632547,"self":1.9375548,"total":1.9375548,"children":null},"RequestDecision":{"count":632547,"self":3.8399536,"total":167.819132,"children":{"AgentInfo.ToProto":{"count":632547,"self":4.7924115999999994,"total":163.9791784,"children":{"GenerateSensorData":{"count":632547,"self":10.0209424,"total":159.1867667,"children":{"CameraSensor.GetCompressedObservation":{"count":632547,"self":149.165824,"total":149.16582449999999,"children":null}}}}}}}}},"DecideAction":{"count":3500052,"self":2930.8817408,"total":2930.8816984,"children":null},"AgentAct":{"count":3500052,"self":1583.5010048,"total":1583.5010224999999,"children":null},"AgentInfo.ToProto":{"count":3017,"self":0.050476799999999995,"total":0.88530789999999993,"children":{"GenerateSensorData":{"count":3017,"self":0.0725078,"total":0.83483109999999994,"children":{"CameraSensor.GetCompressedObservation":{"count":3017,"self":0.76232329999999993,"total":0.76232329999999993,"children":null}}}}}},"gauges":{"Basic_easy.CumulativeReward":{"count":3017,"max":225.9849,"min":-1944.46643,"runningAverage":32.9703865,"value":19.87276,"weightedAverage":46.62494}},"metadata":{"timer_format_version":"0.1.0","start_time_seconds":"1750156846","unity_version":"6000.0.42f1","command_line_arguments":"C:\\Program Files\\Unity\\Hub\\Editor\\6000.0.42f1\\Editor\\Unity.exe -projectpath C:\\Users\\uesr\\Desktop\\Project-AI-Paper.io-ML-Agents -useHub -hubIPC -cloudEnvironment production","communication_protocol_version":"1.5.0","com.unity.ml-agents_version":"3.0.0","scene_name":"JM","end_time_seconds":"1750164637"}}