{"count":1,"self":650.3897088,"total":872.14934269999992,"children":{"InitializeActuators":{"count":11,"self":0.0010155,"total":0.0010155,"children":null},"InitializeSensors":{"count":11,"self":0.0020136,"total":0.0020136,"children":null},"AgentSendState":{"count":60640,"self":0.1026144,"total":9.3122635,"children":{"CollectObservations":{"count":16081,"self":7.7691184,"total":7.7691181,"children":null},"WriteActionMask":{"count":16081,"self":0.024322999999999997,"total":0.024322999999999997,"children":null},"RequestDecision":{"count":16081,"self":0.0887887,"total":1.416208,"children":{"AgentInfo.ToProto":{"count":12695,"self":0.0548784,"total":1.3274192999999999,"children":{"GenerateSensorData":{"count":12695,"self":1.2725408999999999,"total":1.2725408999999999,"children":null}}}}}}},"DecideAction":{"count":60640,"self":106.39340159999999,"total":106.39340059999999,"children":null},"AgentAct":{"count":60640,"self":106.04983039999999,"total":106.04983279999999,"children":null},"AgentInfo.ToProto":{"count":59,"self":0.00059479999999999993,"total":0.001098,"children":{"GenerateSensorData":{"count":59,"self":0.0005032,"total":0.0005032,"children":null}}}},"gauges":{"Basic.CumulativeReward":{"count":64,"max":1.26650345,"min":-10.54446,"runningAverage":-5.33558941,"value":-4.43597937,"weightedAverage":-5.87558842}},"metadata":{"timer_format_version":"0.1.0","start_time_seconds":"1749974671","unity_version":"6000.0.42f1","command_line_arguments":"C:\\Program Files\\Unity\\Hub\\Editor\\6000.0.42f1\\Editor\\Unity.exe -projectpath C:\\Users\\dlxor\\Documents\\GitHub\\Project-AI-Paper.io-ML-Agents -useHub -hubIPC -cloudEnvironment production","communication_protocol_version":"1.5.0","com.unity.ml-agents_version":"3.0.0","scene_name":"StartScene","end_time_seconds":"1749975544"}}