{"count":1,"self":320.1135104,"total":426.70534349999997,"children":{"InitializeActuators":{"count":2,"self":0.0070063999999999994,"total":0.0070063999999999994,"children":null},"InitializeSensors":{"count":2,"self":0.0009983,"total":0.0009983,"children":null},"AgentSendState":{"count":58317,"self":0.12253779999999999,"total":8.5133008,"children":{"CollectObservations":{"count":11664,"self":7.3829503999999995,"total":7.3829508,"children":null},"WriteActionMask":{"count":11664,"self":0.015009799999999998,"total":0.015009799999999998,"children":null},"RequestDecision":{"count":11664,"self":0.2488128,"total":0.9928024,"children":{"AgentInfo.ToProto":{"count":11485,"self":0.1156936,"total":0.74398959999999992,"children":{"GenerateSensorData":{"count":11485,"self":0.628296,"total":0.628296,"children":null}}}}}}},"DecideAction":{"count":58317,"self":97.9698176,"total":97.9698197,"children":null},"AgentAct":{"count":58317,"self":0.0961609,"total":0.0961609,"children":null},"AgentInfo.ToProto":{"count":66,"self":0.0009983,"total":0.0045343,"children":{"GenerateSensorData":{"count":66,"self":0.0035359999999999996,"total":0.0035359999999999996,"children":null}}}},"gauges":{"Basic.CumulativeReward":{"count":68,"max":-2.48224044,"min":-9.061005,"runningAverage":-7.47916555,"value":-8.512002,"weightedAverage":-7.79480267}},"metadata":{"timer_format_version":"0.1.0","start_time_seconds":"1749221229","unity_version":"6000.0.42f1","command_line_arguments":"C:\\Program Files\\Unity\\Hub\\Editor\\6000.0.42f1\\Editor\\Unity.exe -projectpath C:\\Users\\jgms9\\Documents\\GitHub\\Project-AI-Paper.io-ML-Agents -useHub -hubIPC -cloudEnvironment production","communication_protocol_version":"1.5.0","com.unity.ml-agents_version":"3.0.0","scene_name":"TG","end_time_seconds":"1749221656"}}