{"count":1,"self":567.3196032,"total":567.3559943,"children":{"InitializeActuators":{"count":5,"self":0.0025201,"total":0.0025201,"children":null},"InitializeSensors":{"count":5,"self":0.0015096999999999999,"total":0.0015096999999999999,"children":null},"AgentSendState":{"count":2311,"self":0.004657,"total":0.014226299999999999,"children":{"CollectObservations":{"count":463,"self":0.0060307999999999994,"total":0.0060307999999999994,"children":null},"WriteActionMask":{"count":463,"self":0.0010019999999999999,"total":0.0010019999999999999,"children":null},"RequestDecision":{"count":463,"self":0.0025364999999999997,"total":0.0025364999999999997,"children":null}}},"DecideAction":{"count":2311,"self":0.0121811,"total":0.0121811,"children":null},"AgentAct":{"count":2311,"self":0.0059492,"total":0.0059492,"children":null}},"gauges":{},"metadata":{"timer_format_version":"0.1.0","start_time_seconds":"1749209802","unity_version":"6000.0.42f1","command_line_arguments":"C:\\Program Files\\Unity\\Hub\\Editor\\6000.0.42f1\\Editor\\Unity.exe -projectpath C:\\Users\\dlxor\\Documents\\GitHub\\Project-AI-Paper.io-ML-Agents -useHub -hubIPC -cloudEnvironment production","communication_protocol_version":"1.5.0","com.unity.ml-agents_version":"3.0.0","scene_name":"TW","end_time_seconds":"1749210370"}}